{
    "total_runtime": 72.12673425674438,
    "num_documents": 1,
    "input_load_time": 0,
    "workflows": {
        "create_base_text_units": {
            "overall": 0.15555787086486816,
            "0_orderby": 0.004503965377807617,
            "1_zip": 0.0021550655364990234,
            "2_aggregate_override": 0.003922939300537109,
            "3_chunk": 0.11839890480041504,
            "4_select": 0.0024890899658203125,
            "5_unroll": 0.005018949508666992,
            "6_rename": 0.0020117759704589844,
            "7_genid": 0.0023050308227539062,
            "8_unzip": 0.0023212432861328125,
            "9_copy": 0.001931905746459961,
            "10_filter": 0.009193181991577148
        },
        "create_base_extracted_entities": {
            "overall": 29.628441095352173,
            "0_entity_extract": 29.606117963790894,
            "1_merge_graphs": 0.019912242889404297
        },
        "create_summarized_entities": {
            "overall": 3.102705955505371,
            "0_summarize_descriptions": 3.10017728805542
        },
        "create_base_entity_graph": {
            "overall": 0.032714128494262695,
            "0_cluster_graph": 0.026754140853881836,
            "1_select": 0.0032241344451904297
        },
        "create_final_entities": {
            "overall": 1.429914951324463,
            "0_unpack_graph": 0.010451078414916992,
            "1_rename": 0.0034589767456054688,
            "2_select": 0.0033130645751953125,
            "3_dedupe": 0.004685163497924805,
            "4_rename": 0.003925323486328125,
            "5_filter": 0.009432792663574219,
            "6_text_split": 0.004664182662963867,
            "7_drop": 0.0038928985595703125,
            "8_merge": 0.012441635131835938,
            "9_text_embed": 1.354797124862671,
            "10_drop": 0.0048792362213134766,
            "11_filter": 0.010611772537231445
        },
        "create_final_nodes": {
            "overall": 0.12737512588500977,
            "0_layout_graph": 0.03249001502990723,
            "1_unpack_graph": 0.013984203338623047,
            "2_unpack_graph": 0.013248920440673828,
            "3_filter": 0.012964963912963867,
            "4_drop": 0.005474090576171875,
            "5_select": 0.0050737857818603516,
            "6_rename": 0.005072832107543945,
            "7_join": 0.009749889373779297,
            "8_convert": 0.019098997116088867,
            "9_rename": 0.005706071853637695
        },
        "create_final_communities": {
            "overall": 0.1488780975341797,
            "0_unpack_graph": 0.012968778610229492,
            "1_unpack_graph": 0.012624979019165039,
            "2_aggregate_override": 0.009164094924926758,
            "3_join": 0.008877038955688477,
            "4_join": 0.00904083251953125,
            "5_concat": 0.006490230560302734,
            "6_filter": 0.019786357879638672,
            "7_aggregate_override": 0.009005069732666016,
            "8_join": 0.009451150894165039,
            "9_filter": 0.01584315299987793,
            "10_fill": 0.007154941558837891,
            "11_merge": 0.008275032043457031,
            "12_copy": 0.006988048553466797,
            "13_select": 0.00747990608215332
        },
        "join_text_units_to_entity_ids": {
            "overall": 0.031965017318725586,
            "0_select": 0.0074689388275146484,
            "1_unroll": 0.008413314819335938,
            "2_aggregate_override": 0.008937835693359375
        },
        "create_final_relationships": {
            "overall": 0.11161231994628906,
            "0_unpack_graph": 0.014493942260742188,
            "1_filter": 0.01890087127685547,
            "2_rename": 0.008063316345214844,
            "3_filter": 0.017505168914794922,
            "4_drop": 0.008165121078491211,
            "5_compute_edge_combined_degree": 0.01044011116027832,
            "6_convert": 0.017222166061401367,
            "7_convert": 0.008645057678222656
        },
        "join_text_units_to_relationship_ids": {
            "overall": 0.04747200012207031,
            "0_select": 0.009099006652832031,
            "1_unroll": 0.009969234466552734,
            "2_aggregate_override": 0.010385751724243164,
            "3_select": 0.00921487808227539
        },
        "create_final_community_reports": {
            "overall": 35.52710700035095,
            "0_prepare_community_reports_nodes": 0.01120901107788086,
            "1_prepare_community_reports_edges": 0.011089801788330078,
            "2_restore_community_hierarchy": 0.011855840682983398,
            "3_prepare_community_reports": 0.049156904220581055,
            "4_create_community_reports": 35.420650005340576,
            "5_window": 0.013074874877929688
        },
        "create_final_text_units": {
            "overall": 0.07974004745483398,
            "0_select": 0.010238885879516602,
            "1_rename": 0.010540008544921875,
            "2_join": 0.012952089309692383,
            "3_join": 0.012331962585449219,
            "4_aggregate_override": 0.012404918670654297,
            "5_select": 0.010832786560058594
        },
        "create_base_documents": {
            "overall": 0.11948585510253906,
            "0_unroll": 0.01143026351928711,
            "1_select": 0.010887861251831055,
            "2_rename": 0.011134862899780273,
            "3_join": 0.01302790641784668,
            "4_aggregate_override": 0.011692047119140625,
            "5_join": 0.014349937438964844,
            "6_rename": 0.01182699203491211,
            "7_convert": 0.024406909942626953
        },
        "create_final_documents": {
            "overall": 0.02385997772216797,
            "0_rename": 0.012061119079589844
        }
    }
}